{"componentChunkName":"component---src-templates-branch-colleges-tsx","path":"/branches/computer-science-and-engg/","result":{"pageContext":{"name":"Computer Science and Engg.","colleges":[{"id":"fb03ae6d-7311-5dc5-b1c0-16ab641324c4","name":"College of Engineering, Guindy","city":"Guindy","code":"1"},{"id":"96e026db-ee77-5ac4-8af6-f694722a3e29","name":"Madras Institute Of Technology, Anna University","city":"Chromepet","code":"4"},{"id":"8ce70e01-f654-51c2-ae03-05ea724a023d","name":"University College Of Engineering Villupuram","city":"Kakuppam","code":"1013"},{"id":"947b89fd-040e-52f6-bf8f-00931fe71efe","name":"University College of Engineering Tindivanam","city":"Tindivanam","code":"1014"},{"id":"6b21d440-5fa1-5e84-baf9-ac02619f56b6","name":"University College of Engineering Arni","city":"Thatchur","code":"1015"},{"id":"0508ccc7-23fe-57d2-9422-34927e45f52e","name":"University College of Engineering Kanchipuram","city":"Kanchipuram","code":"1026"},{"id":"d22ed279-4fee-5451-bfcc-3a02aff250b9","name":"Aalim Muhammed Salegh College Of Engineering","city":"Muthapudupet","code":"1101"},{"id":"1a8ad4e5-8209-5f36-adcd-4f37d9db5e7f","name":"Bhajarang Engineering College","city":"Thiruvallur","code":"1102"},{"id":"9cde8790-5776-5934-8301-113e8cfbd482","name":"Jaya Engineering College","city":"Chennai","code":"1106"},{"id":"5bda041e-4426-5598-aab4-721d2bad7ef6","name":"Prathyusha Engineering College (PEC)","city":"Tiruvallur","code":"1110"},{"id":"acea654a-4d15-5a2f-ac33-a50d9a14f539","name":"R.M.D. Engineering college","city":"Kavaraipettai","code":"1112"},{"id":"e0ae075e-50be-5787-a80b-650724f5db87","name":"R.M.K. College","city":"Kavaraipettai","code":"1113"},{"id":"f84c31aa-a42a-5a5d-99c6-3b813155c12e","name":"S.A. Engineering college","city":"Thiruverkadu","code":"1114"},{"id":"d28cc81c-ae44-5f29-bbf9-2bd1f87af16d","name":"Sriram Engineering College","city":"Chennai","code":"1115"},{"id":"6b7ea5f5-71e4-5538-86f2-50e0800a5b60","name":"Sri Venkateswara College of Engineering & Technology","city":"Thirupachur","code":"1116"},{"id":"9bb44446-2414-538b-be76-ced7b33a6d31","name":"Vel Tech Multi Tech Dr.Rangarajan Dr.Sakunthala Engineering College","city":"Chennai","code":"1118"},{"id":"2827b5b1-f0e2-5f35-9d46-58c3dff4b6b6","name":"Velammal Engineering College","city":"Surapet","code":"1120"},{"id":"f9a6fc2f-a1f4-5f5d-82c7-2ae7b0c6ed47","name":"Sri Venkateswara Institute of Science & Technology","city":"Tiruvallur","code":"1121"},{"id":"a1717ab9-a1c1-5bfd-9f22-8b5aae04c17c","name":"Vel Tech High Tech Dr.Rangarajan Dr.Sakunthala Engineering College","city":"Chennai","code":"1122"},{"id":"d0bde2db-08c3-53cf-845c-f867135331eb","name":"Gojan School Of Business And Technology","city":"Chennai","code":"1123"},{"id":"9cf95028-0d06-5c48-97e5-0497f1e8dd27","name":"P.M.R Engineering College","city":"Maduravoyal","code":"1125"},{"id":"a8c7df44-33e3-5a31-9b0c-052500ba613a","name":"J.N.N Institute of Engineering","city":"Tiruvallur","code":"1126"},{"id":"02b255d5-3b9c-5949-87eb-b11ae9218d68","name":"St.Peter's College of Engineering and Technology","city":"Avadi","code":"1127"},{"id":"008c3c82-f824-5ad1-907e-2b3ac5460d78","name":"R.M.K. College of Engineering and Technology","city":"Gummidipoondi","code":"1128"},{"id":"3e54e55a-cdf0-57f8-8bf0-4fd44f745603","name":"Annai Veilankanni's College of Engineering","city":"Nedungundram","code":"1133"},{"id":"c5a1222b-4769-5ee2-8176-f65d61ba6124","name":"Vedhantha Institute of Technology","city":"Padur","code":"1136"},{"id":"a4503618-078b-56d1-af95-434df132e9e8","name":"Annai Mira College of Engineering and Technology - AMCET","city":"Vellore","code":"1137"},{"id":"4a542b3c-2549-5db3-851e-a3b80af98cd7","name":"Jeppiaar Institute Of Technology","city":"Sriperumbudur","code":"1140"},{"id":"2c25a735-8d8b-5a28-821b-83c1aa1b6df5","name":"RVS Padhmavathy College of Engineering & Technology","city":"Chedilpakkam","code":"1141"},{"id":"74b1852d-7b88-5ab7-8749-8af6910e5cca","name":"Kumaran Institute of Technology","city":"Minjur","code":"1143"},{"id":"bd965c7a-0f40-5d91-9c67-0b8fa6314f78","name":"St.Joseph's Institute of Technology","city":"Semmancheri","code":"1149"},{"id":"32866e8d-b343-5462-955f-c709f81c7101","name":"Shri Sitheswarar Engineering College","city":"Vellore","code":"1157"},{"id":"824d68d7-b948-5b56-a060-8ca8cee3d2ad","name":"Arignar Anna Institute of Science and Technology","city":"Nenmeli","code":"1201"},{"id":"ae6bcc64-f765-5efd-b0fa-96ffb03784f0","name":"DMI College of Engineering","city":"Chennai","code":"1202"},{"id":"1c1a09ee-51c1-59fb-bec5-0796ec1aa1c5","name":"Lord Venkateshwaraa Engineering College","city":"Walajabad","code":"1205"},{"id":"3101926c-b18d-55e8-99ed-ea8861353e56","name":"Jeppiaar Maamallan Engineering College","city":"Jeppiaar Nagar","code":"1206"},{"id":"8fabacb0-b723-5bdb-b2d4-20785ec3f8eb","name":"Kings Engineering College","city":"Irungattukottai","code":"1207"},{"id":"e92eef4a-3fde-526b-b226-2ab7f0e6cde2","name":"Kanchi Pallavan Engineering College","city":"Kolivakkam","code":"1208"},{"id":"593a967f-9b72-51b0-a672-6dc3e7ff700f","name":"Pallavan College of Engineering","city":"Kanchipuram","code":"1209"},{"id":"5a2b82c2-275e-5d22-9f1c-d82d7d52880d","name":"Panimalar Engineering College","city":"Chennai","code":"1210"},{"id":"eb93b421-9dbc-5c19-89cc-ce13e78bb9ef","name":"Rajalakshmi Engineering College","city":"Chennai","code":"1211"},{"id":"3cd427bd-7218-5ca7-9272-f2cfe6821375","name":"Rajiv Gandhi College of Engineering","city":"Sriperumbudu","code":"1212"},{"id":"fb66a198-8459-5e69-9ba7-c5fe2b756246","name":"SKR Engineering College","city":"Poonamallee","code":"1213"},{"id":"750f6ddd-4c79-5bf8-ac70-42cacd2a1342","name":"Sakthi Mariamman Engineering College","city":"Thandalam","code":"1214"},{"id":"16b36e8a-fe6d-533a-aa6a-505b3f9c9a5c","name":"Saveetha Engineering College","city":"Chennai","code":"1216"},{"id":"469323e5-3318-50ff-a27d-d48cf3ea894f","name":"Sree Sastha Institute of Engineering and Technology","city":"Chennai","code":"1217"},{"id":"ac0648ad-00e4-5af3-a558-ca315df6a7d8","name":"Sri Muthukumaran Institute of Technology (SMIT)","city":"Chikkarayapuram","code":"1218"},{"id":"f11f7f79-5376-5ba1-a9ee-16c6ed3555e5","name":"Sri Venkateswara College of Engineering","city":"Sriperambudur","code":"1219"},{"id":"c172d911-3f13-51d6-9e3a-c3437ff7a352","name":"Jaya College of Engineering and Technology","city":"Chennai","code":"1221"},{"id":"2e7a3ddc-acc4-571e-99c4-89d488672662","name":"P.B. College of Engineering","city":"Chennai","code":"1222"},{"id":"b02952d2-b72c-5d33-94bb-a516b5cb3fb9","name":"Loyola Institute of Technology","city":"Kuthambakkam","code":"1225"},{"id":"2d9eb1ad-336b-5e10-b52f-209f236dd9cc","name":"P.T. Lee Chengalvaraya Naicker College of Engineering And Technology","city":"Kanchipuram","code":"1226"},{"id":"90084347-e951-5b39-8c45-38c07740eca1","name":"Alpha College Of Engineering","city":"Poonamallee","code":"1228"},{"id":"004592c1-6427-5638-a2bb-4708e0b8e2d7","name":"Indira Institute of Engineering and Technology","city":"Tiruvallur","code":"1229"},{"id":"8dd6bcd5-20cf-5974-a7a1-2f63c5c49f9d","name":"Apollo Engineering College","city":"Poonamallee","code":"1230"},{"id":"d31cb0d7-7f85-5ac8-abad-822b647a7110","name":"Panimalar Institute of Technology (PIT)","city":"Chennai","code":"1231"},{"id":"9264ca00-19e6-570f-a835-6d7e5b9ea32e","name":"ARM College of Engineering & Technology","city":"Erivakkam","code":"1232"},{"id":"56be6940-09ac-5d3d-bda8-e3c829c760e0","name":"Adhi College Of Engineering and Technology","city":"Chennai","code":"1233"},{"id":"55d37cad-7d84-577d-ba9c-c5a4a09d38d0","name":"Indira Gandhi College of Engineering and Technology For Women","city":"Athur","code":"1234"},{"id":"b3b252af-4979-5ac9-a017-be251ba0c626","name":"Jei Mathaajee College of Engineering","city":"Siruvakkam","code":"1235"},{"id":"ef487497-aa38-5365-8969-79cde4834a02","name":"Velammal Institute of Technology","city":"Chennai","code":"1237"},{"id":"1c321353-7004-5941-8e40-6bdbbbb2e9b6","name":"GRT Institute of Engineering and Technology","city":"Tiruvallur","code":"1238"},{"id":"87a4b040-b6cc-58ef-b100-d10829eea7df","name":"T.J.S. Engineering college","city":"Puduvoyal","code":"1241"},{"id":"231e60e9-4215-5b21-a649-f287f4b01a70","name":"Sree Sastha College of Engineering","city":"Chembarambakkam","code":"1242"},{"id":"ebba2bb9-1a8e-51fc-9373-f416745a741f","name":"Madha Institute of Engineering and Technology","city":"Tharapakkam","code":"1243"},{"id":"3a1bb0f0-af3a-57b8-a4ff-916ebdb75718","name":"Mohamed Sathak A.J. College of Engineering","city":"Chennai","code":"1301"},{"id":"2321bfcc-73de-5b53-b6b3-2dfa604111da","name":"Anand Institute of Higher Technology","city":"Kazhipathur","code":"1303"},{"id":"a466a8db-19c9-50d9-a114-8df4fd059dea","name":"Easwari Engineering College","city":"Ramapuram","code":"1304"},{"id":"7d4d5310-3656-5cec-ba42-3f9c35536be9","name":"Jeppiaar Engineering College","city":"Jeppiaar Nagar","code":"1306"},{"id":"90a18dbe-e502-51f0-89bc-cdee34f74048","name":"Jerusalem College of Engineering","city":"Pallikaranai","code":"1307"},{"id":"69389700-ad3e-5069-ad12-08cf8c86e700","name":"Meenakshi Sundararajan Engineering College","city":"Kodambakkam","code":"1309"},{"id":"2257f89c-12d9-5bb0-9f79-ea2d91bed7df","name":"Misrimal Navajee Munoth Jain Engineering College","city":"Jyothi Nagar","code":"1310"},{"id":"908cf650-e42f-5c28-be48-2dbd5ae357be","name":"KCG College of Technology","city":"Karappakam","code":"1311"},{"id":"259d06a4-4a20-59c1-9c29-10e7ccd73935","name":"SMK Fomra Institute of Technology","city":"Chennai","code":"1313"},{"id":"82b167ce-0970-5a5e-b6c1-cb562f292531","name":"SSN College of Engineering","city":"Kalavakkam","code":"1315"},{"id":"94e6f863-6a3f-5860-b247-a7b2bcc10f10","name":"Agni College of Technology","city":"Chennai","code":"1316"},{"id":"5248a34a-7cb5-5af2-b939-cade289fb082","name":"St Joseph's College Of Engineering","city":"Semmancheri","code":"1317"},{"id":"ba8b362d-c4b7-5f4e-96a5-42e5a4c29657","name":"TJ Institute of Technology","city":"Karappakam","code":"1318"},{"id":"5cf31464-3afe-5a83-9d63-cda841062657","name":"Thangavelu Engineering College","city":"Karappakam","code":"1319"},{"id":"53138bb8-3715-5403-aefb-54e16637795c","name":"Jeppiaar SRR Engineering College","city":"Chennai","code":"1320"},{"id":"44c6190f-bca6-5e32-8944-fd02151659b7","name":"Dhanalakshmi Srinivasan College of Engineering and Technology","city":"Chennai","code":"1322"},{"id":"9830a7fd-112b-57f7-9d9a-69df0721326d","name":"A.C.T. College of Engineering and Technology","city":"Rettamangalam","code":"1323"},{"id":"80df9f63-d166-5c76-9abf-b22a081abbf4","name":"Sri Sairam Institute of Technology","city":"Chennai","code":"1324"},{"id":"d615fb07-ae7a-5460-8a23-9ba078650868","name":"St.Joseph College of Engineering","city":"Sivanthangal","code":"1325"},{"id":"fbcf3a29-e91c-530d-a8ef-672034ffe6a1","name":"Vi Institute of Technology","city":"Chengalpattu","code":"1333"},{"id":"c9db50ed-6fe6-545d-9fa0-be2bf0eef3ed","name":"ARS College of Engineering","city":"Kanchipuram","code":"1334"},{"id":"36fa964b-3e15-5424-8e19-92f856c89f01","name":"Chennai Institute of Technology","city":"Kundrathur","code":"1399"},{"id":"30fb3c21-978c-5269-9a00-77a631e84889","name":"Adhiparasakthi Engineering College","city":"Melmaruvathur","code":"1401"},{"id":"e832ca1d-3d52-5569-b208-99472e36e172","name":"Annai Teresa College of Engineering","city":"Tirunavalur","code":"1402"},{"id":"208a76de-52e9-59b9-9bbb-7c1cd94980ed","name":"Dhanalakshmi College of Engineering","city":"Chennai","code":"1405"},{"id":"1976f6cf-1619-52c0-a5dc-180426469e80","name":"Dr Pauls Engineering Colleges","city":"Pauls Nagar","code":"1406"},{"id":"d1b27951-ff82-5a7a-b7f4-0bc800df1954","name":"GKM College of Engineering & Technology","city":"Tambaram","code":"1407"},{"id":"350e34fc-f43a-54ab-85ca-a94bf2495752","name":"IFET College of Engineering","city":"Villupuram","code":"1408"},{"id":"8506b62b-fdf0-56f8-be62-0e2a9ccf4bc6","name":"Karpaga Vinayaga College of Engineering and Technology","city":"Maduranthagam","code":"1409"},{"id":"16a06843-2d85-5a0a-b537-de1f3d6e050d","name":"Madha Engineering College","city":"Kundrathur","code":"1411"},{"id":"e675342e-f6f9-5639-b94a-72ab2e3f925e","name":"Mailam Engineering College","city":"Mailam","code":"1412"},{"id":"b3227006-8d71-5b03-8a84-f5c51107f645","name":"Sri Venkateswaraa College of Technology","city":"Sriperumbudur","code":"1413"},{"id":"85c5d67a-e605-5e11-9646-5ca2d084237e","name":"Prince Shri Venkateshwara Padmavathy Engineering College.","city":"Chennai","code":"1414"},{"id":"b63cd461-209a-5914-8415-94988ad08228","name":"T.S.M. Jain College of Technology","city":"Kallakurichi","code":"1415"},{"id":"efe48bc9-82f3-535c-9e5b-a7befdc0f181","name":"Jaya Sakthi Engineering College","city":"Chennai","code":"1416"},{"id":"9bc6d045-d818-5568-ab3a-cba1fc26aab6","name":"Shri Andal Alagar College of Engineering","city":"Mamandur","code":"1417"},{"id":"ce563312-0e0e-53f3-8e4d-40f6cd7453e1","name":"Sri Lakshmi Ammaal Engineering College","city":"Selaiyur","code":"1418"},{"id":"7e449e8c-0efb-50de-beee-fe4bb96fbbff","name":"Sri Sairam Engineering College","city":"Chennai","code":"1419"},{"id":"38c206e0-eaae-5866-a480-0eccf9783ecb","name":"Tagore Engineering College","city":"Chennai","code":"1420"},{"id":"db65f2ca-a3db-519f-8fb3-cbe86bfd41a6","name":"VRS College Of Engineering and Technology","city":"Villupuram","code":"1421"},{"id":"32ffdd95-c347-5d95-b359-5cb5ffded08e","name":"Valliammai Engineering College","city":"Kattankulathur","code":"1422"},{"id":"4ec748a4-cedd-51f1-b660-97b5c4fabfb8","name":"Asan Memorial College of Engineering and Technology","city":"PeriyaIrumbedu","code":"1423"},{"id":"0b9b84c7-f597-56e6-8074-cf162031ef14","name":"Dhaanish Ahmed College of Engineering","city":"Tambaram","code":"1424"},{"id":"69af411d-20ae-5889-ba0c-40518df513e7","name":"Sri Ramanujar Engineering College","city":"Chennai","code":"1426"},{"id":"a53fb424-f231-5c0e-9c93-90c9d11ac1e9","name":"Sri Krishna Engineering College","city":"Tambaram","code":"1427"},{"id":"3d22c7c7-cfef-5b80-8c39-1b8763182703","name":"ES Engineering College","city":"Villupuram","code":"1428"},{"id":"bc420154-71ab-58c7-a718-8a21aef46eed","name":"Maha Barathi Engineering College","city":"Villupuram","code":"1430"},{"id":"0cad4f05-4376-5d9f-975b-46a6e77edb6b","name":"New Prince Shri Bhavani College Of Engineering & Technology","city":"Sembakkam","code":"1431"},{"id":"52c65e34-19ac-53ce-b377-2c6b7a6805f9","name":"Rajalakshmi Institute of Technology","city":"Chennai","code":"1432"},{"id":"aedc2bf0-6ed8-53d2-bc4a-121d1670ff33","name":"Sri Aravindar Engineering College","city":"Villupuram","code":"1433"},{"id":"c3aafd73-f36f-5dbd-8fe9-7f3994660539","name":"Surya Group of Institutions","city":"Villpuram","code":"1434"},{"id":"72fd1714-7302-5970-bdd1-672810108b1d","name":"Balaji Institute of Engineering and Technology","city":"Kanchipuram","code":"1435"},{"id":"59c1ffb5-aeb1-54e5-a30b-17366f250a18","name":"A.R. Engineering College","city":"Kappiampuliyur","code":"1436"},{"id":"363aff75-f910-5c6f-b851-625c42cf2872","name":"RRASE College of Engineering","city":"Padapai","code":"1437"},{"id":"896f86a3-eaf8-51c5-82b4-fa43fe056a2f","name":"Sri Krishna College Of Engineering","city":"Unai","code":"1438"},{"id":"c916fe56-f1ed-5b7f-b82f-bf5b3ed3fb3e","name":"S.R.I Engineering College","city":"Tiruvannamalai","code":"1439"},{"id":"3c7d56f3-3317-5bec-82c9-d054cfcb49a8","name":"Jaya Suriya Engineering College","city":"Redhills","code":"1440"},{"id":"3e0b215f-6524-566f-ac6d-0d8f046460e0","name":"AKT Memorial college of Engineering and Technology","city":"Villupuram","code":"1441"},{"id":"895ffeac-602c-50d3-82c3-2abbfc994898","name":"Prince Dr. K. Vasudevan College of Engineering and Technology","city":"Chennai","code":"1442"},{"id":"dbd526b8-89bb-588b-9a70-36c6480053b7","name":"Chendu College of Engineering & Technology","city":"Muruganthangal","code":"1444"},{"id":"413dac29-226e-5d47-bcd0-c5d6dcf98945","name":"Sri Rangapoopathi College of Engineering","city":"Alampundi","code":"1445"},{"id":"d02ce3e0-beb3-5d99-b97a-c8134bb35e8f","name":"Sri Ramana Maharishi College of Engineering","city":"Cheyyar","code":"1448"},{"id":"b746933d-c7f9-5cc8-9bb6-2309925c2a43","name":"Saraswathy college of engineering & technology","city":"Tindivanam","code":"1449"},{"id":"89b3c053-a2e1-574e-b34e-f728adb51cc2","name":"Loyola-ICAM College of Engineering and Technology","city":"Nungambakkam","code":"1450"},{"id":"49ddca04-86cf-5728-9983-ea157c6db44f","name":"PERI Institute of Technology","city":"Chennai","code":"1452"},{"id":"605ac6bb-ab75-5d9d-b673-1836d12657a7","name":"Adhiparasakthi Engineering College","city":"GB Nagar","code":"1501"},{"id":"caf4d5f0-7979-57e6-90d2-3601061ecd10","name":"Arulmigu Meenakshi Amman College of Engineering","city":"Tiruvannamalai","code":"1503"},{"id":"aa29ee51-e126-5da3-941f-c900b212a2d3","name":"Arunai Engineering College","city":"Su.Kilnachipattu","code":"1504"},{"id":"d9c389ec-8235-508d-8bf6-f77e646e3d88","name":"C. Abdul Hakeem College of Engineering & Technology","city":"Vellore District","code":"1505"},{"id":"1e689dc6-45f5-58c9-8533-03142d99cd0f","name":"GGR College of Engineering","city":"Perumugai","code":"1506"},{"id":"16ce387e-0f03-53b2-82a9-2f79793f327a","name":"Ganadipathy Tulsi’s Jain Engineering College","city":"Vellore","code":"1507"},{"id":"afcc139d-4f7b-5f3c-b970-4bf34f37df0e","name":"Arunai College of Engineering","city":"Tiruvannamalai","code":"1508"},{"id":"cc7e7341-91f9-573e-949a-e744441607a5","name":"Meenakshi College Of Engineering","city":"KK Nagar","code":"1509"},{"id":"f6f47187-d6da-576f-9abc-23aed3f7d94e","name":"Priyadarshini Engineering College","city":"Vellore","code":"1510"},{"id":"8129f989-8689-5f6f-ab87-af810650fd6f","name":"Ranippettai Engineering College","city":"Thenkadapanthangal","code":"1511"},{"id":"38042a6a-7342-5312-90da-c4c9bf9663ea","name":"SKP Engineering College","city":"Tiruvannamalai","code":"1512"},{"id":"dd96818e-18db-5153-ac60-21cb9eace433","name":"Sri Balaji Chockalingam Engineering College Arni","city":"Arani","code":"1513"},{"id":"76689b60-61c7-5d4a-a823-57162a8e0c2c","name":"Sri Nandhanam College of Engineering and Technology","city":"Kasinaickenpatti","code":"1514"},{"id":"76b5c8c3-07b7-52c1-9c35-752463cb93c5","name":"Saraswathi Velu College of Engineering","city":"Melvenkatapuram","code":"1515"},{"id":"5e838cbd-df3f-50ca-a45b-f03433fca730","name":"Thanthai Periyar Government Institute of Technology","city":"Vellore","code":"1516"},{"id":"5dcaea9e-5a14-54a3-ade2-287ed087bc2d","name":"Thirumalai Engineering College","city":"Kanchipuram","code":"1517"},{"id":"475c07f9-d4aa-5ec9-bb87-3989b3894d57","name":"Thiruvalluvar College of Engineering & Technology","city":"Ponnur Malai","code":"1518"},{"id":"bbfa73a0-a19a-5fc8-aba8-32f2b2ecdcdf","name":"Bharathidasan Engineering College","city":"Natrampalli","code":"1519"},{"id":"a221f3f8-fbbb-55ca-b6b8-c5417459b257","name":"Kingston Engineering College","city":"Katpadi","code":"1520"},{"id":"4f3fe935-b7c6-5e40-9035-e0ab7058bc22","name":"Shri Sapthagiri Institute of Technology","city":"Vellore","code":"1521"},{"id":"c104b53e-9a22-5fb1-802b-68533e83e42f","name":"Global Institute of Engineering and Technology","city":"Pudupet","code":"1523"},{"id":"20057003-a2ed-5fe3-881d-203606668daf","name":"Annamalaiar College of Engineering","city":"Tiruvannamalai","code":"1524"},{"id":"2640397e-11f1-5ffe-97e8-7ff6957dcb11","name":"Podhigai college of engineering and technology","city":"Adiyur","code":"1525"},{"id":"3d8c1030-db0b-5ffa-98ca-91a43908eb96","name":"Sri Krishna College of Engineering","city":"Arakkonam","code":"1526"},{"id":"d36b85da-fd64-5aaf-be74-743782f5095c","name":"Oxford College of Engineering","city":"Tiruvannamalai","code":"1529"},{"id":"8e0ebdb2-f9a0-560c-8fc8-73b13bc852c6","name":"Idhaya Engineering College for Women","city":"Devakottai","code":"1605"},{"id":"2a49ead6-7818-5bd3-9f72-ff26672972a8","name":"Government College of Technology (GCT)","city":"Coimbatore","code":"2005"},{"id":"64265dd4-8b5a-5091-9a91-01b807653d11","name":"Coimbatore Institute of Technology","city":"Peelamedu","code":"2007"},{"id":"7682b744-7ac7-59d5-9281-218c48e177e0","name":"Anna University Regional Campus, Coimbatore","city":"Coimbatore(Dt)","code":"2025"},{"id":"b95b10ec-9a6f-5fdd-8977-59dd2da4a749","name":"Sri shanmugha college of engineering and technology","city":"Puthur","code":"2302"},{"id":"8610280c-6a9f-58d5-bbcb-01a8e0608fcd","name":"Muthayammal College of Engineering","city":"Kakkaveri","code":"2314"},{"id":"8c361b25-9123-5e1c-b18c-b6e8f66d679b","name":"N.S.N. College of Engineering and Technology","city":"Karur","code":"2327"},{"id":"27af8b7d-ea59-5bb4-9db5-582ed7863035","name":"K S R Institute For Engineering And Technology","city":"Tiruchengode","code":"2328"},{"id":"34a7d78c-3c8c-5b06-b6ff-e0f4aa5f5a8e","name":"Rathinam Technical Campus","city":"Eachanari","code":"2329"},{"id":"2deaceba-1422-57c9-99e4-96a979c6f4b7","name":"Aishwarya College Of Engineering & Technology","city":"Erode","code":"2332"},{"id":"fa04c027-fcd7-5175-b3b5-cdfce534ffe8","name":"Vidhya Mandhir Institute of Technology","city":"Erode","code":"2337"},{"id":"77556ed8-0153-5033-abd7-be55b1282dc1","name":"Asian College of Engineering and Technology","city":"Coimbatore","code":"2338"},{"id":"da49d036-0430-5f92-b67a-1923b9d5ff7c","name":"Sri Venkateshwara Institute of Engineering","city":"Anthivadi","code":"2340"},{"id":"b8908b85-85a7-573c-ac0b-8e23cf79b5bb","name":"Ganesh College of Engineering","city":"Salem","code":"2341"},{"id":"a3929b61-7f60-5fb0-a737-02b7132c20fc","name":"Sri Ranganathar Institute of Engineering and Technology","city":"Coimbatore","code":"2342"},{"id":"f70c474f-bf5e-571b-bda2-6211be7f8fbe","name":"Dhirajlal Gandhi College of Technology","city":"Salem","code":"2345"},{"id":"7660d61b-c703-518d-a253-5096d602fb0d","name":"Shree Sathyam College of Engineering and Technology","city":"Manjakalpatti","code":"2346"},{"id":"cc3b1443-cf7e-5307-82fa-2d5a7ac9d645","name":"AVS College of Technology","city":"Chinnagoundapuram","code":"2347"},{"id":"b8d0322f-55fa-5391-a960-d27718dfe3d6","name":"Dhaanish Ahmed Institute of Technology","city":"KG Chavadi","code":"2349"},{"id":"de68ce51-adfa-5adc-a354-695394bb9ece","name":"Jairupaa College Of Engineering","city":"Thottipalayam","code":"2350"},{"id":"d0d82d71-bbe3-5b34-8ddf-5259605613e6","name":"Pollachi Institute of Engineering and Technology","city":"Coimbatore","code":"2354"},{"id":"d220f389-ac3f-5a7f-b8fe-7510c879e4ac","name":"Cheran College of Engineering","city":"Karur","code":"2355"},{"id":"3005204e-7364-5d11-b14d-c53b3ebee6a6","name":"Arulmurugan College of Engineering","city":"Thennilai East","code":"2356"},{"id":"280c7b4c-c8e9-55f2-ac2f-fa3cad97aa23","name":"VSB College of Engineering & Technical Campus, Coimbatore","city":"Coimbatore","code":"2357"},{"id":"138248de-be6e-5550-9f76-d9b78e972a38","name":"SCAD Institute of Technology","city":"Tiruppur","code":"2358"},{"id":"8dff61eb-4638-54ac-bebf-89d4a7d23b55","name":"Hosur Institute of Technology & Science","city":"Krishnagiri","code":"2362"},{"id":"6bd73a3a-c4d1-5b30-aa7c-79ce7ef9ae22","name":"Arjun College of Technology","city":"Coimbatore","code":"2367"},{"id":"6c9d72f8-147e-5e81-bb50-ebec2531d661","name":"Vishnu Lakshmi College Of Engineering & Technology","city":"Coimbatore","code":"2368"},{"id":"b19c3ca8-50e1-58ed-ba04-e849ccf7fd1c","name":"Government College Of Engineering, Dharmapuri","city":"Dharmapuri","code":"2369"},{"id":"4cbda262-cf6b-5979-883a-0e7c4e942add","name":"PSG Institute of Technology and Applied Research (PSG iTech)","city":"Neelambur","code":"2377"},{"id":"d661ca6d-24f4-53bd-9140-1cf18214a715","name":"Adhiyamaan College of Engineering(Autonomous)","city":"Kumudepalli","code":"2601"},{"id":"61825b0e-6c67-5e8b-aaea-93484ad66e3f","name":"Annai Mathammal Sheela Engineering College","city":"Namakkal","code":"2602"},{"id":"a5ac963d-5a60-5586-abf8-9697650e96ed","name":"Government College of Engineering","city":"burgur","code":"2603"},{"id":"9ba27021-bf91-5641-8ffe-fd3a29fe7cc2","name":"JAYAM COLLEGE OF ENGINEERING&TECHNOLOGY","city":"Nallanur","code":"2606"},{"id":"5006830b-6467-5b6d-81a7-646637bc0bbe","name":"K. S. Rangasamy College of Technology","city":"Namakkal","code":"2607"},{"id":"e80eb8cf-3fb7-54fb-aa89-0da0c1fe9c36","name":"M.Kumarasamy College of Engineering","city":"Karur","code":"2608"},{"id":"7f7f89e1-c0a2-5885-bd09-759f3c480e8a","name":"Mahendra Engineering College","city":"Mallasamudram","code":"2609"},{"id":"3ad236bf-a451-5749-8917-9787d5206647","name":"Muthayammal Engineering college (Autonomous)","city":"Rasipuram","code":"2610"},{"id":"15977b66-8aa5-5f6a-a5cd-87b2693320d9","name":"Paavai Engineering College Autonomous","city":"Namakkal","code":"2611"},{"id":"2dcb32d6-b2fe-54a8-b119-a29f17fc8a1b","name":"PGP College of Engineering and Technology","city":"Namakkal","code":"2612"},{"id":"5059c13e-3914-5932-985a-4e94b3778ff0","name":"K.S.R. College of Engineering","city":"KSR Kalvi Nagar","code":"2613"},{"id":"9335252e-9553-5cc4-bf51-beed06aef751","name":"SSM College Of Engineering","city":"Komarapalayam","code":"2614"},{"id":"cd7bcd96-7e60-52f8-8153-f5aa19cb59e3","name":"Government College of Engineering","city":"Karuppur","code":"2615"},{"id":"9e82777e-cdbc-5ede-b7d0-57fe40f709b8","name":"Sapthagiri College of Engineering","city":"Periyanahalli","code":"2616"},{"id":"b9c99ff0-a54b-5a08-a0d2-21fc001c5faa","name":"Sengunthar Engineering College","city":"Tiruchengode","code":"2617"},{"id":"d1682840-f6cb-543c-bfb0-5d0dab8c4154","name":"Sona College of Technology","city":"Suramangalam","code":"2618"},{"id":"a1c2d8c5-30d5-59ef-b3dc-68375163cc26","name":"Vivekanandha College Of Engineering For Women","city":"Tiruchengode - TK","code":"2620"},{"id":"0803741d-bbe1-58c0-ae1a-d70a402e6ae1","name":"Er. Perumal Manimekalai College of Engineering","city":"Krishnagiri (Dt)","code":"2621"},{"id":"35ebe776-542f-53ca-86af-9eb3ae73f3c8","name":"VSB Engineering College","city":"Karur","code":"2622"},{"id":"a7eb08f1-d85d-5a14-811f-9e0ce845007b","name":"Mahendra College of Engineering","city":"Salem","code":"2623"},{"id":"494deec4-88c0-5142-8bca-e9b3964e3aa7","name":"Gnanamani College of Technology","city":"Namakkal","code":"2624"},{"id":"006e1255-aeb3-5e80-9937-386bb7b8bb38","name":"The Kavery Engineering College","city":"M.Kalipatti","code":"2625"},{"id":"95b3a381-17f3-5152-9947-c9b112977a31","name":"Selvam College of Technology","city":"Namakkal","code":"2627"},{"id":"e76a53f8-63f2-5ec1-ad52-14d5a21c6de5","name":"Paavai College of Engineering","city":"Pachal","code":"2628"},{"id":"1fde89c4-59b2-58ff-842a-96c61cd6a548","name":"Sengunthar College of Engineering","city":"Kumaramangalam","code":"2629"},{"id":"b5f0674e-d3a1-5ea4-9e62-ed1869808449","name":"Chettinad College of Engineering & Technology","city":"Karur","code":"2630"},{"id":"74445ecd-7991-5e6f-8126-8aee8a47cc45","name":"King College of Technology","city":"Namakkal","code":"2631"},{"id":"8be78cb5-ee95-55fb-b3c5-9c9c7c70ef54","name":"Mahendra Institute of Technology","city":"Tiruchengode","code":"2632"},{"id":"1a295c0e-655e-5543-b79a-f34d92afc09f","name":"Vidyaa Vikas College of Engineering & Technology","city":"Varagurampatti","code":"2633"},{"id":"addca626-46ca-5db1-8701-05f2417f8e98","name":"Excel Engineering College","city":"Komarapalayam","code":"2634"},{"id":"e59dbee8-6dda-5cba-b7c2-e924e9b95049","name":"CMS College of Engineering","city":"Namakkal","code":"2635"},{"id":"1e175fea-5968-5265-aff2-e005f582f697","name":"AVS Engineering College","city":"Ammapet","code":"2636"},{"id":"4afd4288-f84c-59be-9aee-012b8022ca93","name":"Mahendra Engineering College for Women","city":"Kumaramangalam","code":"2638"},{"id":"ac245adb-3aa1-5d80-9f1e-f4a17762d0df","name":"Narasu's Sarathy Institute of Technology","city":"Poosaripatti","code":"2639"},{"id":"ff7c3e4e-1dc7-5e3c-820f-2aed37501164","name":"Jayalakshmi Institute of Technology","city":"Thoppur","code":"2640"},{"id":"a89e3c6f-3c26-53d4-a6d5-f0d611b40007","name":"Varuvan Vadivelan Institute Of Technology","city":"Dharmapuri","code":"2641"},{"id":"4acf76f4-dd03-50de-a8a7-2b5fdfa29873","name":"PSV College of Engineering & Technology","city":"Elathagiri","code":"2642"},{"id":"de0aeae0-b426-54fc-b615-2ec87b7481c6","name":"Bharathiyar Institute of Engineering for Women","city":"Salem","code":"2643"},{"id":"256ce9c4-cebc-5636-bb1c-b5ef2a97e19d","name":"Tagore Institute of Engineering and Technology","city":"Salem","code":"2646"},{"id":"89171312-8bdc-52ac-91d4-dddeac120fd7","name":"JKKN College of Engineering and Technology","city":"Komarapalayam","code":"2647"},{"id":"a57f3924-17be-59c1-adea-d80f32f31256","name":"Annapoorana Engineering College","city":"Kombadipatty","code":"2648"},{"id":"a31fefa1-cb50-5fae-82e7-afd631ae8c3e","name":"Karur College of Engineering","city":"Andankoil East","code":"2649"},{"id":"9e8f8011-8a4e-511e-94a8-d74106b262e0","name":"Christ the King Engineering College (DMI Group)","city":"Karamadai","code":"2650"},{"id":"20cdbc09-3030-5c34-a894-1bd65ed5e5bf","name":"Jai Shriram Engineering College","city":"Avinashipalayam","code":"2651"},{"id":"b31ee91c-4086-55c1-9e2c-1056f9e46a87","name":"Al Ameen Engineering College","city":"Erode","code":"2652"},{"id":"0cec18a8-16dd-56c6-be3c-575ce9527906","name":"Knowledge Institute of Technology (KIOT) - Engineering College","city":"Kakapalayam","code":"2653"},{"id":"eefb616c-aada-5426-a1f3-200708e65a0c","name":"SVS College of Engineering, Coimbatore","city":"Coimbatore","code":"2654"},{"id":"b87247a4-19fb-5b09-ae45-efcc3565ac11","name":"VKS College of Engineering and Technology","city":"Karur","code":"2655"},{"id":"917891ea-f827-526f-8485-cf48078fc376","name":"Builders Engineering College","city":"Kangayam","code":"2656"},{"id":"b2dd820c-af58-5ce0-9d07-39fcd6591d01","name":"Paavai College of Engineering","city":"Pachal","code":"2657"},{"id":"1008ae3a-e596-5f7b-8e29-c72c47125f2d","name":"V S A Educational and Charitable Trusts Group of Institutions","city":"Chinna Seeragapadi","code":"2658"},{"id":"ae68f52c-8f2a-5a6f-b7eb-042996a913b0","name":"Salem College of Engineering and Technology","city":"Salem","code":"2659"},{"id":"64a22aa5-9f0f-5a07-94b3-0bca94516b6d","name":"Vivekanandha College of Technology for Women","city":"Namakkal","code":"2661"},{"id":"53283133-a9a6-54c7-a710-18474100c22d","name":"Dr. Nagarathinam's College of Engineering","city":"Namakkal","code":"2662"},{"id":"67102ae1-c0c0-5ecd-a8bd-ce046f345acf","name":"Mahendra Institute of Engineering and Technology","city":"Mallasamudram West","code":"2665"},{"id":"f058406b-7fd2-5da6-91e7-1feb47f66c31","name":"Sree Sakthi Engineering College","city":"Coimbatore","code":"2673"},{"id":"eacc6d4c-f65c-58af-8c8f-fa095dd426cb","name":"Ambal Professional Group of Institutions","city":"Palladam","code":"2682"},{"id":"7c69fecc-df29-51ff-8566-4f3fc8d155be","name":"Shreenivasa Engineering College","city":"Pappireddipatti (TK)","code":"2683"},{"id":"ad1fddee-f627-500a-9c58-33564092df5e","name":"Bannari Amman Institute of Technology (Autonomous)","city":"Sathyamangalam","code":"2702"},{"id":"3fcb9377-692c-55c2-80b7-6a907a6cf3cf","name":"Coimbatore Institute of Engineering and Technology","city":"Narasipuram","code":"2704"},{"id":"cd5a178f-4f7a-5f8d-b3b3-b5cf89aac906","name":"C S I College of Engineering","city":"Ketti","code":"2705"},{"id":"9646c89a-c85a-5f37-9230-86ad08953ec9","name":"Dr. Mahalingam College of Engineering and Technology","city":"Makkinampatti","code":"2706"},{"id":"dd4def9c-9f15-52ee-98d9-2cd76cba9d5d","name":"Erode Sengunthar Engineering College","city":"Perundurai","code":"2707"},{"id":"eb8c24ee-61a7-5fad-9a1d-52c05e7b94a0","name":"Hindusthan College Of Engineering And Technology","city":"Coimbatore","code":"2708"},{"id":"a331a2b4-46c3-52fd-8127-79822c492b03","name":"Institute of Road and Transport Technology","city":"Erode","code":"2709"},{"id":"21c8393e-6210-55a4-bfde-2e6f4a81fac5","name":"Karpagam College of Engineering","city":"Mayileripalayam","code":"2710"},{"id":"ef7c8457-427f-57a5-9ff7-2641b66eb8dc","name":"Kongu Engineering College","city":"Perundurai","code":"2711"},{"id":"14b29c22-6e14-58e7-a06e-1af5db7abc89","name":"Kumaraguru College of Technology","city":"Chinnavedampatti","code":"2712"},{"id":"7056ffe6-2cbe-5768-8327-5b7aa516d7f0","name":"M.P.Nachimuthu M.Jaganathan Engineering College","city":"Erode","code":"2713"},{"id":"79859a79-0fce-56a9-a816-f70dcbb18608","name":"Maharaja Engineering College","city":"Avinashi","code":"2714"},{"id":"3d51b24a-b94e-5d38-9e7a-d3b7c004490b","name":"Nandha Engineering College","city":"Erode","code":"2715"},{"id":"47eb6741-2699-55b6-a3da-d23ac9200a4b","name":"Park College Of Engineering And Technology","city":"Kaniyur","code":"2716"},{"id":"d2d1f65d-0889-5248-8f9d-7f76c5ddd503","name":"Sasurie College of Engineering","city":"Vijayamangalam","code":"2717"},{"id":"62b05af2-f1c7-57c6-ab26-16af3962ff4e","name":"Sri Krishna College of Engineering and Technology","city":"Kuniamuthur","code":"2718"},{"id":"3dd3b879-da47-5ff2-8818-54643f25a87c","name":"Sri Ramakrishna Engineering College","city":"Vattamalaipalayam","code":"2719"},{"id":"597a2bba-f31a-58a6-92bf-f8504399414b","name":"Tamilnadu College Of Engineering","city":"Coimbatore","code":"2721"},{"id":"4565f68e-325a-5827-9a51-2a3abc5e5cf0","name":"Sri Krishna College Of Technology","city":"Kovai Pudur","code":"2722"},{"id":"859406b2-ece4-5b79-9f47-8ddc19f34ab8","name":"Velalar College of Engineering and Technology","city":"Thindal","code":"2723"},{"id":"25bda885-91e9-5ebc-865a-acfc7d9dc5e6","name":"Sri Ramakrishna Institute of Technology","city":"Coimbatore","code":"2725"},{"id":"c09a06af-47df-53e3-97e7-39f09ab99819","name":"SNS College of Technology","city":"Vazhiyampalayam","code":"2726"},{"id":"878139db-83ac-5c64-8a03-63377c099118","name":"Sri Shakthi Institute Of Engineering And Technology","city":"Chinniyampalayam","code":"2727"},{"id":"542a5bf4-ddc5-5642-bb85-3d8774c7911b","name":"Nehru Institute of Engineering and Technology","city":"Coimbatore","code":"2729"},{"id":"acec8799-d677-515c-8a65-c4ab2ccd2fec","name":"RVS College of Engineering and Technology","city":"Coimbatore","code":"2731"},{"id":"a59270f3-6c96-5816-892c-ed0399839072","name":"Info Institute Of Engineering.","city":"Coimbatore","code":"2732"},{"id":"37a8db0e-60b6-57cb-8850-538f73d4a2d6","name":"Angel College of Engineering and Technology","city":"Palayam","code":"2733"},{"id":"9cf308be-7e2a-5def-8fbf-58a4df0f08cc","name":"SNS College of Engineering","city":"Coimbatore","code":"2734"},{"id":"ff369193-f156-50a5-9350-1ec6903f45c1","name":"Karpagam Institute of Technology","city":"Coimbatore","code":"2735"},{"id":"2d0e0810-51d0-598e-910e-06b126fd445c","name":"Dr. N.G.P. Institute of Technology","city":"Coimbatore","code":"2736"},{"id":"61f367e7-28d4-5c5c-9902-ed9037606c03","name":"Ranganathan Engineering College","city":"Coimbatore","code":"2737"},{"id":"f3d4eed6-87b7-505f-8031-97e52b6515a0","name":"Sasurie Academy of Engineering","city":"Coimbatore","code":"2738"},{"id":"a20fa951-82fc-5377-af89-49b2b8b2fa1c","name":"Sri Eshwar College of Engineering","city":"Kondampatti","code":"2739"},{"id":"440157a2-16dc-5218-aa25-4adb5d2b72b8","name":"Hindusthan Institute of Technology","city":"Malumichampatty","code":"2740"},{"id":"00201ca7-8d5f-51c1-9660-6d6367b4df67","name":"P. A. College of Engineering and Technology","city":"Pollachi","code":"2741"},{"id":"fb44001d-f213-5672-b8c8-77ebf782ee82","name":"Dhanalakshmi Srinivasan College Of Engineering,Coimbatore","city":"Pichanur","code":"2743"},{"id":"6f2b82f6-a64b-5a8a-b6b0-954e50237fb5","name":"Adithya Institute Of Technology","city":"Coimbatore","code":"2744"},{"id":"3d836414-e0c4-56d4-a291-be5d140c0c23","name":"Kathir College of Engineering","city":"Neelambur","code":"2745"},{"id":"19b99617-e58e-5a8b-990c-fbf31995609b","name":"Shree Venkateshwara Hi-Tech Engineering College","city":"Otthakkuthirai","code":"2747"},{"id":"a8358317-f008-51f1-beec-cf191d3f7249","name":"Surya Engineering College","city":"Erode","code":"2748"},{"id":"bd944080-f119-5a93-8745-fe02f0cd8276","name":"EASA College of Engineering and Technology","city":"Coimbatore","code":"2749"},{"id":"39ac2c63-7cea-5d6d-8f2b-65d7fadf94e8","name":"KIT-KalaignarKarunanidhi Institute Of Technology","city":"Kannampalayam","code":"2750"},{"id":"3b9561dd-8733-5c5f-bff7-745abbf5c7e3","name":"KGISL Institute of Technology","city":"Saravanampatty","code":"2751"},{"id":"b4de9cb2-e7db-530d-b73f-339b8304d86f","name":"Nandha College of technology","city":"Vailkaalmedu","code":"2752"},{"id":"c2261008-1a91-5f94-a370-e2cdc5b0dd88","name":"PPG Institute Of Technology","city":"Saravanampatty","code":"2753"},{"id":"39023411-e935-5d3e-9d4f-c177a55bb6a7","name":"Sri Ramanathan Engineering College","city":"Nadupatti","code":"2754"},{"id":"8a827e26-1d3c-5232-99d4-eb1c2a17c4eb","name":"Nehru Institute Of Technology","city":"Coimbatore","code":"2755"},{"id":"3ef93d0a-c6fa-5b03-8c27-fb8bbbf5532b","name":"J.K.K.Munirajah Collage of Technology","city":"Gobichettipalayam","code":"2758"},{"id":"469fc06e-f875-5034-b25e-3dac8d25b0ce","name":"United Institute Of Technology","city":"Periyanaickenpalayam","code":"2761"},{"id":"2d52622a-96ca-5e6c-93bb-d4eaed8a8097","name":"Jansons Institute of Technology","city":"Karumathampatti","code":"2762"},{"id":"f1bbc37f-ad09-5bf2-9322-41dcc5cfb696","name":"Akshaya College Of Engineering and Technology","city":"Bhagavathipalayam","code":"2763"},{"id":"2fbb4359-0395-5e68-9225-77e61624ba8a","name":"KPR Institute of Engineering and Technology","city":"Coimbatore","code":"2764"},{"id":"1d4cbce2-2622-5ec5-9ddb-51720e49668f","name":"SriGuru Institute of Technology","city":"Coimbatore","code":"2765"},{"id":"8bd8a1b1-88fa-50e4-b72a-adf78e81fe18","name":"SRG Engineering College","city":"Namakkal","code":"2767"},{"id":"6255779e-9b2d-5daf-af51-107913810f82","name":"Park College of Technology (PCT)","city":"Coimbatore","code":"2768"},{"id":"642b77cf-482e-5201-a955-44767598978d","name":"JCT College of Engineering and Technology","city":"Coimbatore","code":"2769"},{"id":"4ec7a860-a86e-50e6-9d6d-4bd02075ce21","name":"Study World College of Engineering","city":"Coimbatore","code":"2770"},{"id":"fdb16f07-be46-58ce-8e3f-db11fa6b55a8","name":"Dr Nallini Institute Of Engineering and Technology","city":"Dharapuram","code":"2771"},{"id":"437c4e08-d59c-5fd4-89a8-697b2fbb52f8","name":"CMS College of Engineering and Technology","city":"Coimbatore","code":"2772"},{"id":"c590455d-e5fa-57e4-a1b5-7b5605ac03ec","name":"RVS Technical Campus","city":"Coimbatore","code":"2776"},{"id":"4c7d411f-3411-591d-b246-6b812d7241c4","name":"University College Of Engineering, Anna University, Bharathidasan Institute Of Technology (BIT) Campus, Tiruchirapalli","city":"Tiruchirappalli","code":"3011"},{"id":"e3fd3b0c-c655-5cf5-978d-75a8e5c18798","name":"University College of Engineering","city":"Kavanur","code":"3016"},{"id":"df018e6e-069e-5aa5-8e30-b691e62dae4c","name":"University College of Engineering Thirukkuvalai","city":"Nagapattinam","code":"3018"},{"id":"98af89de-5451-5fbd-8105-620f32c08300","name":"University College of Engineering Panruti - UCEP","city":"Panikkankuppam","code":"3019"},{"id":"a762d9ce-d22c-5462-9674-82963a5fc8c0","name":"University College of Engineering Pattukottai","city":"Marudangavayal","code":"3021"},{"id":"d3f949bb-1b87-5014-aa3f-9b49d791369c","name":"Mahalakshmi Engineering College","city":"Tiruchirappalli","code":"3403"},{"id":"a44f963b-d6be-5b90-84dc-c0a1d8fe08b5","name":"Krishnasamy College of Engineering and Technology","city":"Cuddalore","code":"3410"},{"id":"6e552cfa-ddad-5c21-bfd0-e02c49d6b851","name":"CK College of Engineering & Technology","city":"Sellankuppam","code":"3425"},{"id":"61e891c0-4953-590a-8e5c-3a317221cada","name":"SMR East Coast College of Engineering and Technology","city":"Pattukkottai","code":"3451"},{"id":"8c4525f9-8535-5e89-8350-e2f3ccd66d64","name":"Sri Ramakrishna College Of Engineering","city":"Perambalur","code":"3454"},{"id":"44bb10ad-3298-5f0e-b654-f358e9645e8e","name":"K.S.K College of Engineering and Technology","city":"Darasuram","code":"3456"},{"id":"b8e1c764-093f-5cb3-a09c-3d958219f356","name":"Dhanalakshmi Srinivasan Institute of Technology","city":"Tiruchirappalli","code":"3459"},{"id":"01e2f5e6-f7ff-5a69-8872-55ba799e1f6b","name":"Surya College of Engineering","city":"Tiruchirappalli","code":"3460"},{"id":"4c112f54-7d3f-501c-8089-86ce2732db14","name":"Haji Sheik Ismail Engineering College","city":"Thirukkuvalai","code":"3461"},{"id":"78d5c182-322f-5cd1-abd6-6a9aeee1a2e8","name":"Ariyalur Engineering College","city":"Melakaruppur","code":"3462"},{"id":"790a4e09-545d-58cd-b2b7-def58968903f","name":"Elizabeth College of Engineering and Technology","city":"Annamangalam","code":"3463"},{"id":"af0939f8-8a28-5667-8254-bbe44e746bd1","name":"Government College Of Engineering,Sengipatti,Thanjavur","city":"Thanjavur","code":"3464"},{"id":"20a9c233-0360-59a8-bdb9-b9a5658d58d0","name":"Government College of Engineering Srirangam","city":"Sethurapatti Village","code":"3465"},{"id":"c6c35b85-3d58-51e6-9fae-a97377598099","name":"Nelliandavar Institute of Technology","city":"Ariyalur","code":"3466"},{"id":"99c6cd05-ddcd-5291-b372-d755dbf684cf","name":"K Ramakrishnan College of Engineering","city":"Tiruchirappalli","code":"3701"},{"id":"cc17393b-9a0b-5ca8-8e6d-c7ef503854fd","name":"Sir Issac Newton College of Engineering & Technology","city":"Pappakovil","code":"3760"},{"id":"d3020308-b902-509b-870a-8c8c586d55ee","name":"Star Lion College of Engineering and Technology","city":"Manangorai","code":"3766"},{"id":"65db734d-1b9a-5e1d-820e-d3305b6df1e7","name":"K.K.C College of Engineering & Tehnology","city":"Jayamkondan","code":"3781"},{"id":"078f9387-a1f4-557f-8f87-986cd3774749","name":"Oasys Institute of Technology","city":"Pulivalam","code":"3782"},{"id":"57173180-07e0-5eed-a63c-93f2cbd4be85","name":"MAM School of Engineering","city":"Siruganur","code":"3786"},{"id":"39ea4e63-30a2-5ed7-b215-e9c3e41ecc1c","name":"TRP Engineering College","city":"Irungalur","code":"3795"},{"id":"25f29752-2302-5e47-afa0-701823fe2ecb","name":"AVC Engineering College","city":"Mannampandal","code":"3801"},{"id":"63469f72-ff4d-516c-88b9-3dfff61451ec","name":"Shri Angalamman College of Engineering & Technology","city":"Tiruchirappalli","code":"3802"},{"id":"0e91f8f1-3e1f-5f79-983e-9686f410f759","name":"Anjalai Ammal Mahalingam Engineering College","city":"Kovilvenni","code":"3803"},{"id":"6153360e-2b29-5ea2-84ad-40c8b95b72d0","name":"Arasu Engineering College","city":"Kallappuliyur","code":"3804"},{"id":"ffe766dd-8c5f-5bbb-8c60-22828a58c0b0","name":"Dhanalakshmi Srinivasan Engineering College","city":"Perambalur","code":"3805"},{"id":"f03c80a6-c1b8-5f9e-83d6-ba80f9e201e6","name":"EGS Pillay Engineering College (AUTONOMOUS)","city":"Nagore","code":"3806"},{"id":"3899fa4d-9aef-5da9-a0b6-dc283c241032","name":"J.J. College of Engineering and Technology","city":"Tiruchirappalli","code":"3807"},{"id":"37c36954-2974-5cd5-9303-66b89983e4e4","name":"Jayaram College of Engineering and Technology-JCET","city":"Tiruchirappalli","code":"3808"},{"id":"cb3993a1-5237-5ad1-b54a-f9e2c7d2f54d","name":"Kurinji College of Engineering and Technology","city":"Trichirappalli","code":"3809"},{"id":"3f6fa208-2975-50e3-b367-71ea5e1e788d","name":"MAM College","city":"Trichy","code":"3810"},{"id":"e77c54d4-8ade-5140-9b47-96b6df25aa7d","name":"M.I.E.T. Engineering College in Trichy","city":"Tiruchirappalli","code":"3811"},{"id":"71ad84bd-c12f-526e-ab98-6a7d7d27d08a","name":"Mookambikai College of Engineering","city":"Pudukkottai","code":"3812"},{"id":"1dd1f50e-a9a7-5c4a-be00-bdfbd570895b","name":"Oxford Engineering College","city":"Pirattiyur","code":"3813"},{"id":"8fd456b0-a33b-5e86-a0e1-85ef8b9d33b1","name":"P.R.Engineering College","city":"Thanjavur","code":"3814"},{"id":"d7b284be-332b-5402-9ccd-c0cb714aeac8","name":"Pavendar Bharathidasan College of Engineering & Technology","city":"Mathur","code":"3815"},{"id":"8e732724-e123-55c1-9b2e-a16295d95b94","name":"Roever Engineering College (REC)","city":"Perambalur","code":"3817"},{"id":"7cf642ef-0ffd-5b93-a142-4957a95b9ef0","name":"Saranathan College of Engineering","city":"Edamalaipatti Pudur","code":"3819"},{"id":"a22136bb-a379-5025-b8e2-1cf6cc7f1610","name":"Trichy Engineering College","city":"Trichy","code":"3820"},{"id":"b97057af-3227-57a2-86d3-cf015b4f024a","name":"ARJ College of Engineering and Technology","city":"Edayarnatham","code":"3821"},{"id":"7eec2f7d-a65c-57b4-896e-906fcd1af2d0","name":"Dr. Navalar Nedunchezhiyan College of Engineering","city":"Cuddalore","code":"3822"},{"id":"6c5d60e2-3488-5cf5-bafd-a184105ba034","name":"Srinivasan Engineering College","city":"Perambalur","code":"3823"},{"id":"de8ba10f-aafd-5f53-853a-dcbf7aca0f49","name":"St. Joseph's College of Engineering and Technology (DMI Group)","city":"Thanjavur","code":"3825"},{"id":"f05cf9ca-7c32-5cce-9a9e-865041936c12","name":"Kongunadu College of Engineering and Technology (Autonomous)","city":"Tholurpatti","code":"3826"},{"id":"3f2bc4e1-ed16-58d4-a899-a61099d91f0c","name":"MAM College of Engineering","city":"Trichy","code":"3829"},{"id":"f361eb9e-07c0-5c39-9d84-f15fdb4469f4","name":"K Ramakrishnan College of Engineering","city":"Tiruchirappalli","code":"3830"},{"id":"0260bd9e-e43a-5f70-a7ce-f0af47565ae2","name":"Indra Ganesan College of Engineering","city":"Manikandam","code":"3831"},{"id":"31ea88e5-3120-5739-bafb-9ddccb62cb38","name":"Parisutham Institute of Technology and Science","city":"Nanjikottai","code":"3833"},{"id":"f769c3fd-957f-5f55-9f65-bae5510fb6b2","name":"CARE Group of Institutions","city":"Thayanur","code":"3841"},{"id":"0a8f138a-6ae6-591f-baf5-d5c91f962221","name":"MRK Institute of Technology","city":"Kattumannarkoil","code":"3843"},{"id":"2d062d32-ea15-5c5b-936e-c0dc77874890","name":"Shivani Engineering College","city":"Trichy","code":"3844"},{"id":"09405df5-8db9-5424-9fb7-0d11c71b9664","name":"Imayam College of Engineering","city":"Trichy","code":"3845"},{"id":"977b32ec-a23c-5f0d-9939-f25c17c3eebb","name":"Mother Terasa College of Engineering and Technology","city":"Pudukkottai","code":"3846"},{"id":"e12ee0e8-81e5-5bba-9b98-81b7b94c876c","name":"Roever College of Engineering & Technology","city":"Elambalur","code":"3847"},{"id":"453d1e59-e8de-517d-a24b-cdd96a1a029b","name":"Vandayar Engineering College","city":"Mariamman Kovil","code":"3848"},{"id":"f0410e9e-862a-570a-8fab-896155e232b9","name":"Annai College Of Engineering & Technology-ACET","city":"Thanjavur","code":"3849"},{"id":"01abcd82-5da8-51c9-bea0-a1812a4604de","name":"Vetri Vinayaha College of Engineering and Technology","city":"Tholurpatti","code":"3850"},{"id":"35618f00-3119-5c26-bf45-e57a617b9be6","name":"Sri Bharathi Engineering College for Women","city":"Pudukkottai","code":"3852"},{"id":"1e8584ea-12d8-58b0-92e2-b57a22773817","name":"Mahatma Institute of Engineering & Technology (mahath amma)","city":"Ariyur","code":"3854"},{"id":"ce51763c-7641-501a-8c5f-a20f0ac58799","name":"AS-Salam College of Engineering & Technology","city":"Thanjavur","code":"3855"},{"id":"078d5b45-8899-5c10-9ddb-6630f0996d96","name":"Meenakshi Ramaswamy Engineering College","city":"Thathanur","code":"3857"},{"id":"bb520269-3824-5f71-9074-a0c576f5c8c9","name":"Sembodai Rukmani Varatharajan Engineering College","city":"Sembodai","code":"3859"},{"id":"a55057cb-4235-52f5-a9f0-060fc91e60a8","name":"St. Anne's College of Engineering and Technology","city":"Panruti","code":"3860"},{"id":"fa363f08-b081-534a-9376-d134fb0baa12","name":"Kings College of Engineering","city":"Pudukkottai","code":"3905"},{"id":"15a9c7d1-4588-5212-bffa-65dfee87e6ab","name":"Mount Zion College of Engineering and Technology","city":"Pudukkottai","code":"3908"},{"id":"6f4ba2ab-503b-5994-9194-bc01d64de779","name":"Shanmuganathan Engineering College","city":"Arasampatti","code":"3918"},{"id":"b9df66b3-8670-5694-908b-6fcba0bf77b4","name":"Sudharsan Engineering College","city":"Pudukkottai","code":"3920"},{"id":"81d07809-0199-5e5a-bd66-38709874cc0d","name":"MNSK College of Engineering","city":"Vallathirakkottai","code":"3923"},{"id":"92f3c31b-fa56-542c-ba9a-e4a1a682519b","name":"M.A.R College of Engineering And Technology","city":"Velur","code":"3925"},{"id":"a1cb459b-604c-5db3-97ff-18f31678ed95","name":"Chendhuran College of Engineering And Technology","city":"Ennapatti","code":"3926"},{"id":"3cf9f681-092f-546a-936e-f54d767803ad","name":"Annamalai University Faculty of Engineering and Technology","city":"Annamalai Nagar","code":"3940"},{"id":"c64c9863-7644-585c-b1d7-9eeb85007b67","name":"Anna University Regional Campus","city":"Marshal Nager","code":"4020"},{"id":"6470e790-6b0b-5d83-ab7d-8995cde968c5","name":"University College of Engineering, Nagercoil","city":"Punnai Nagar","code":"4023"},{"id":"d25314b7-dcfd-53c7-935a-6752eb5dab31","name":"Thamirabharani Engineering College","city":"Chathiramputukulam","code":"4669"},{"id":"97c3c391-3cc9-5c5d-b55b-43439709d4af","name":"Rohini College of Engineering & Technology","city":"Anjugramam","code":"4670"},{"id":"3db9ecaf-c497-5ed6-80f2-56f91c339137","name":"Stella Mary's College Of Engineering","city":"Kanyakumari","code":"4672"},{"id":"c7753779-41c1-5d99-b82e-3595836c743e","name":"Universal College of Engineering & Technology","city":"Tirunelveli","code":"4675"},{"id":"be54ebca-604d-5b85-80db-ba41496883af","name":"Renganayagi Varatharaj College of Engineering","city":"Virudhunagar","code":"4676"},{"id":"7ee8ad92-a5db-5132-bf83-3af18dad6011","name":"Lourdes Mount College of Engineering & Technology","city":"Kanyakumari","code":"4677"},{"id":"9a0aff52-62a4-5bb3-8cd5-2df10f786265","name":"Ramco Institute of Technology","city":"Rajapalayam","code":"4678"},{"id":"6b4a94c0-114c-549f-a5af-1cd502426699","name":"AAA College of Engineering & Technology","city":"Sivakasi","code":"4680"},{"id":"ff46e102-e888-505f-8589-0dd99460ac35","name":"V V College of Engineering","city":"Tirunelveli","code":"4864"},{"id":"612d9c16-5e71-5156-be96-2c736df779e1","name":"SethuInstitute of Technology","city":"Pulloor","code":"4917"},{"id":"e6a5f3cc-33f7-592f-81d2-fb3a538ee20d","name":"Maria College of Engineering and Technology","city":"Thiruvattaru","code":"4927"},{"id":"83f07df1-aeb3-5e55-bb9f-2914c6d82158","name":"Mar Ephraem College of Engineering and Technology","city":"Marthandam","code":"4928"},{"id":"872b5f8d-6743-5851-9617-b9162b7be397","name":"MET Engineering College","city":"Kanyakumari","code":"4929"},{"id":"427910e4-02d4-535e-a451-13bf473f6cdc","name":"Chandy College of Engineering","city":"Mullakadu","code":"4931"},{"id":"4aa05615-7b86-5872-bdf1-cdab27ad4cf0","name":"Immanuel Arasar JJ College of Engineering","city":"Kanyakumari","code":"4932"},{"id":"a48bc22b-00c2-52fc-a4b1-edab9a543a22","name":"St. Mother Theresa Engineering College","city":"Thoothukudi","code":"4933"},{"id":"7ed86672-87f9-567e-b10c-9b6f6a60b858","name":"Holycross Engineering College","city":"Thoothukudi","code":"4934"},{"id":"05d41b57-4405-5820-8d60-49eda7254f12","name":"A.R. College of Engineering and Technology","city":"Tirunelveli","code":"4937"},{"id":"fad900ca-68db-52c8-8b7d-a48adeafd335","name":"Sivaji College of Engineering and Technology","city":"Manivila","code":"4938"},{"id":"013e63ff-367f-51ac-a48d-efbbdfc3f977","name":"Unnamalai Institute of Technology","city":"Kovilpatti","code":"4941"},{"id":"1bca0e49-308c-58c3-aa03-ff38251d0d85","name":"Satyam College Of Engineering & Technology","city":"Aralvaimozhi","code":"4943"},{"id":"b68fef63-d74a-5859-b253-8a6897253c7a","name":"Arunachala College of Engineering for Women","city":"Manavilai","code":"4944"},{"id":"d3931284-e72b-595d-b724-4af63e9e5457","name":"Vins Christian Womens College of Engineering","city":"Chunkan Kadai","code":"4945"},{"id":"d2a1f943-90fd-5316-ba05-91a6c3462ffe","name":"DMI Engineering College","city":"Kanyakumari","code":"4946"},{"id":"1a27cbd7-1abf-5c80-91f9-e25060271ecd","name":"Rajas International Institute of Technology For Women","city":"Nagercoil","code":"4948"},{"id":"9922dedd-63b9-518d-a989-48bcd7966664","name":"PSN Institute of Technology and Science","city":"Tirunelveli","code":"4949"},{"id":"4dd8b298-f251-5638-a2ad-45e6db4bedc1","name":"Tamizhan College of Engineering and Technology","city":"Kanyakumari","code":"4950"},{"id":"5aef78f3-174d-5459-97b0-c188f83e3cb0","name":"CSI Institute of Technology,Thovalai","city":"Kanyakumari","code":"4952"},{"id":"e08daf06-30f6-5b00-863a-09ff21e881fc","name":"Cape Institute Of Technology","city":"Levinjipuram","code":"4953"},{"id":"0fd08f57-bc60-5442-8f51-c873538a32c1","name":"Dr. Sivanthi Aditanar College of Engineering","city":"Tiruchendur","code":"4954"},{"id":"d4ee9df5-9d8f-559b-a961-faa3870ff04b","name":"Francis Xavier Engineering College","city":"Barani Nagar","code":"4955"},{"id":"579aa39f-d7fd-5b5e-84f1-6a70759a2859","name":"Jayamatha Engineering College","city":"Kanyakumari","code":"4956"},{"id":"42a6ae88-baf0-5d03-b716-f2304990c29b","name":"Jayaraj Annapackiam CSI College of Engineering","city":"Thoothukudi","code":"4957"},{"id":"ccd0090d-e3dc-5de3-af0f-eeb91bbbbafd","name":"Kamaraj College of Engineering & Technology","city":"Madurai","code":"4959"},{"id":"8f7999a6-c954-5e90-86f3-52a87e8ef888","name":"Mepco Schlenk Engineering College","city":"Sivakasi","code":"4960"},{"id":"b86a8dcc-8613-55be-aecb-26029f2fb08a","name":"National College of Engineering","city":"Tirunelveli","code":"4961"},{"id":"ffc6b4aa-f320-5792-8802-e597260d61ec","name":"National Engineering College","city":"Kovilpatti","code":"4962"},{"id":"8a493346-d651-5d3b-844b-05501dcbbb8e","name":"PSN College of Engineering and Technology","city":"Tirunelveli","code":"4964"},{"id":"d4681488-05da-5477-9ac2-b01bfb982767","name":"PSR Engineerings college","city":"Sivakasi","code":"4965"},{"id":"75416f19-5c1f-536e-ad88-91ac829eb164","name":"PET Engineering College","city":"Vallioor","code":"4966"},{"id":"8e3a7511-3736-5547-83a5-162584f6cc92","name":"S.Veerasamy Chettiar College of Engineering and Technology","city":"Puliyangudi","code":"4967"},{"id":"d546f39c-024c-5ed2-a4d8-b3c16977713b","name":"Sardar Raja College of Engineering","city":"Tirunelveli","code":"4968"},{"id":"6563cf00-2230-5918-a60e-883b0610cee0","name":"SCAD College of Engineering and Technology","city":"Tirunelveli","code":"4969"},{"id":"86533740-292b-556f-b86c-87605fa9d051","name":"Sree Sowdambika College of Engineering","city":"Virudhunagar","code":"4970"},{"id":"f8562c0a-ef40-57b1-8322-0f21cd3c96bd","name":"St. Xavier's Catholic College Of Engineering","city":"Chunkan Kadai","code":"4971"},{"id":"d38e307f-aa44-56c5-a9f3-d44fcf5c697b","name":"Amrita College of Engineering and Technology","city":"Kanyakumari","code":"4972"},{"id":"2abfd8cd-3016-5a20-b47c-a6eafbb6b39a","name":"Rajas Engineering College","city":"Tirunelveli","code":"4973"},{"id":"eecc9f49-e92c-5de0-8a97-b23546a7ce3b","name":"Government College Of Engineering, Tirunelveli","city":"Marshal Nager","code":"4974"},{"id":"e945a369-3c4b-58cc-91d5-a4e40c1f3010","name":"Dr.G.U.Pope college of Engineering","city":"Thoothukudi","code":"4975"},{"id":"cd62d2e4-691b-5a88-890e-08c17c5f7ae5","name":"Infant Jesus College of Engineering","city":"Vallanadu","code":"4976"},{"id":"76b8d962-e4ca-52f2-9ef9-4ca273f71b7b","name":"Narayanaguru College of Engineering","city":"Kanyakumari","code":"4977"},{"id":"ecf8d470-289a-5d8c-a628-565780b409d6","name":"Udaya School Of Engineering","city":"Kanyakumari","code":"4978"},{"id":"f9c656bf-e5da-5bc0-b3e3-998fd7b8ea3e","name":"VPMM Engineering College For Women","city":"Srivilliputhur","code":"4979"},{"id":"f8dcd2ce-b891-524f-8e7d-12bbe8e97eae","name":"Einstein College of Engineering","city":"Tirunelveli","code":"4980"},{"id":"0c293a9b-82c3-5a43-86a1-a3417ebfd716","name":"Ponjesly College of Engineering","city":"Nagercoil","code":"4981"},{"id":"8bf89d3a-3aaf-56c1-9dff-39afd93325c7","name":"Vins Christian Womens College of Engineering","city":"Chunkan Kadai","code":"4982"},{"id":"546ff14e-e003-58d5-a07f-67b7ed0047a6","name":"Lord Jegannath College of Engineering and Technology","city":"Kanyakumari","code":"4983"},{"id":"3d57aaec-36a7-52da-88c8-bd5326a22bb1","name":"Marthandam College of Engineering & Technology","city":"Powdikonam","code":"4984"},{"id":"3feb22f4-86c9-53c8-b797-1146dbd9c592","name":"Kalaivanar N.S.K. College Of Engineering","city":"Theroor","code":"4985"},{"id":"63b8e658-cb45-5b2d-87bd-6254249fc597","name":"James College of Engineering and Technology","city":"Navalkadu","code":"4987"},{"id":"5941efcd-4fa3-5e9d-9c12-971747693a15","name":"PSN Engineering College","city":"Melathediyoor","code":"4989"},{"id":"76bb6e40-607b-5334-8847-7376800c43ea","name":"Kalasalingam Institute of Technology","city":"Krishnankoil","code":"4991"},{"id":"cad4f157-3ad7-5a56-beb1-f7047d5eb8b1","name":"Bethlahem Institute of Engineering","city":"Kanyakumari","code":"4992"},{"id":"357289ae-e236-52a6-a23f-e29b2f3bfa4c","name":"Loyola Institute of Technology and Science","city":"Thekkumalai West R.F.","code":"4993"},{"id":"af7c9d96-98a5-58bc-9bb1-a8445f14713b","name":"JP College of Engineering , Agarakattu","city":"Tenkasi","code":"4994"},{"id":"e148e93a-8b00-57da-b363-5bfc7e0a59bc","name":"P.S.R. Rengasamy College of Engineering for Woman","city":"Appayanaickenpatti","code":"4995"},{"id":"1c9a76a3-a8ee-5fab-ad9a-fac4ce1ae35f","name":"Sri Vidya College of Engineering & Technology","city":"Virudhunagar","code":"4996"},{"id":"11f9e636-0af3-555c-8b35-9c16dcc0d001","name":"Mahakavi Bharathiyar College of Engineering and Technology","city":"Vasudevanallur","code":"4998"},{"id":"fa161ae9-295b-50e0-9a6f-ed5339eec3cd","name":"Annai Vailankanni College Of Engineering","city":"Kanyakumari","code":"4999"},{"id":"02c85450-f47e-5d3f-930f-f1105c8a4bbc","name":"Thiagarajar College of Engineering (Autonomous)","city":"Madurai Main","code":"5008"},{"id":"8e39b280-db8a-5901-af10-b4d7d4a1b8d1","name":"Government College of Engineering, Bodinayakkanur","city":"Bodinayakkanur","code":"5009"},{"id":"8b6cf6b0-5004-5452-8471-e051b0d08687","name":"Anna University Regional Campus,Madurai","city":"Madurai","code":"5010"},{"id":"00438252-ae44-564a-8e33-3e09b589c27f","name":"University College of Engineering Ramanathapuram","city":"Pullangudi","code":"5017"},{"id":"75c25a24-5969-5f9c-b828-36af45d7a4f7","name":"University College Of Engineering, Dindigul","city":"Kothapulli","code":"5022"},{"id":"6d55463f-53d6-59f5-8886-ddd4b0f67705","name":"Sri Raaja Raajan College of Engineering and Technology","city":"Sivaganga","code":"5502"},{"id":"3e32e26b-93fd-5c97-8dd6-60d347063120","name":"SSM Institute of Engineering and Technology","city":"Dindigul","code":"5530"},{"id":"0df2aecf-3c3b-5b60-8630-5b6080bd7dee","name":"Vaigai College of Engineering","city":"Madurai","code":"5532"},{"id":"a5e11297-8c5e-5283-99e6-e5d50112942b","name":"KIT & KIM Technical Campus","city":"Sivaganga","code":"5533"},{"id":"177049c6-e316-5913-98ec-f1a5fbfbbe4a","name":"Mangayarkarasi College of Engineering","city":"Madurai","code":"5536"},{"id":"ffd294be-feb5-548e-a4e1-747d3d66e8c8","name":"Jainee College of Engineering and Technology","city":"Karunanidhi Nagar","code":"5537"},{"id":"b4946118-b14b-56fb-b426-6d898a6d4a52","name":"Aringer Anna College of Engineering and Technology","city":"Mettupatti","code":"5540"},{"id":"c384d3ec-4591-53a1-a75b-a091dc939b25","name":"Christian College Of Engineering & Technology","city":"Oddanchatram","code":"5703"},{"id":"2f37d55e-5eed-5b74-83b6-803d5a7a1d96","name":"Sri Subramanya College Of Engg & Tech","city":"Palani","code":"5720"},{"id":"9a86f621-0b01-5038-9c8a-0ad8a4130ec7","name":"NPR College of Engineering and Technology","city":"Dindigul","code":"5832"},{"id":"bb60dcb6-3aee-506c-8841-b52b29b9ee35","name":"Madurai Institute Of Engineering & Technology","city":"Sivagangai","code":"5842"},{"id":"d15cc6ba-c7b9-549f-af12-35dfd43073ba","name":"Veerammal Engineering College","city":"Singarakottai","code":"5851"},{"id":"9fb39040-bcb4-5ac2-9ce6-4c6e8cffce32","name":"RVS School of Engineering and Technology","city":"Padiyur","code":"5862"},{"id":"328c9d43-6b5b-55e0-b92c-20702db0014c","name":"Nadar Saraswathi College of Engineering & Technology","city":"Vadapudupatti","code":"5865"},{"id":"5b4ba22d-ed19-59eb-bba4-08c08e3fc385","name":"Alagappa Chettiar Government College of Engineering & Technology.","city":"Karaikudi","code":"5901"},{"id":"19dd115c-2170-5fa8-b083-2f4c37a553d6","name":"Bharath Niketan Engineering College","city":"Aundipatty","code":"5902"},{"id":"f7de4b78-6d25-5d95-a1b9-9d78e3b78dfe","name":"K.L.N.College of Information Technology","city":"Pottapalayam","code":"5903"},{"id":"ebd135e1-1146-50db-b566-d07d0626d4e8","name":"K.L.N. College of Engineering","city":"Pottapalayam","code":"5904"},{"id":"5f712270-048c-595f-bcc3-15bb70a15359","name":"Mohamed Sathak Engineering College","city":"Ramanathapuram","code":"5907"},{"id":"58725ebe-530a-5928-aa28-875c1607d1c4","name":"PSNA College Of Engineering And Technology","city":"Silvarpatti","code":"5910"},{"id":"7f91fa9a-67aa-572f-9b18-3e0d1275f5ce","name":"PTR College of Engineering and Technology","city":"Madurai Main","code":"5911"},{"id":"ce4e540c-46f1-52cd-8b23-3d3ae2b891dc","name":"Pandian Saraswathi Yadav Engineering College","city":"Sivaganga","code":"5912"},{"id":"abb56197-e0fe-54d4-bd06-be0dec564610","name":"R.V.S College of Engineering","city":"Dindigul","code":"5913"},{"id":"eddcef28-6d10-5d88-94f4-959c3d43dff8","name":"Solamalai College of Engineering","city":"Veerapanjan","code":"5914"},{"id":"26d1de65-4e2d-5bd9-ba58-1b6a95c1673c","name":"SACS MAVMM Engineering College","city":"Alagarkovil","code":"5915"},{"id":"f3fa587a-4a45-57af-9e9e-55c29124dad1","name":"St. Michael College of Engineering & Technology","city":"Kalayarkoil","code":"5919"},{"id":"bb60c5a3-94ca-5bd6-9273-47fc49433fb7","name":"Syed Ammal Engineering College","city":"Landhai","code":"5921"},{"id":"4cf47de2-145c-5c47-97bd-ae96bf57dfa9","name":"Vickram College of Engineering","city":"Enathi","code":"5922"},{"id":"a594489f-1098-5428-9d47-8420146acdf2","name":"Ganapathy Chettiar College Of Engineering and Technology","city":"Kavanur","code":"5924"},{"id":"f17da7e3-be40-539e-9c83-26628f462857","name":"SBM College of engineering and technology","city":"Thamaraipadi","code":"5930"},{"id":"e1cf62ee-c737-56ce-a950-8cd2fd0968bc","name":"Fatima Michael College of Engineering & Technology","city":"Madurai","code":"5935"},{"id":"6ae7a227-faa5-5c49-bdc9-3dcf5d842ee3","name":"ULTRA College of Engineering and Technology","city":"Madurai","code":"5942"},{"id":"b9fe630b-5f1d-5fe1-819f-2c2e2dfa0586","name":"Velammal college of Engineering and technology hostel","city":"Iravadanallur","code":"5986"},{"id":"4dd95c9a-051d-5a03-bf66-430d6daf196f","name":"Theni Kammavar Sangam College Of Technology","city":"Theni","code":"5988"},{"id":"f1614ef4-8847-54ac-abcf-1553b56555c3","name":"Latha Mathavan Engineering College","city":"Kidaripatti","code":"5990"}]}},"staticQueryHashes":[],"slicesMap":{}}